{
    "a0": 3.2,
    "b0": 3.19157893847588,
    "ecell": -15.3353953955234,
    "alist": [
        2.7,
        2.75,
        2.8,
        2.85,
        2.9,
        2.95,
        3.0,
        3.05,
        3.1,
        3.15,
        3.2,
        3.25,
        3.3,
        3.35,
        3.4,
        3.45,
        3.5,
        3.55,
        3.6,
        3.65,
        3.7
    ],
    "blist": [
        3.62092517665116,
        3.58366922601518,
        3.53737135297313,
        3.48596142149566,
        3.42949052133652,
        3.37195162292192,
        3.31902465913153,
        3.27680200643145,
        3.24556743423806,
        3.21810771437404,
        3.19157893847588,
        3.16582443349683,
        3.14076081694,
        3.11630866747555,
        3.09239273093156,
        3.06894217103205,
        3.045890855378,
        3.02317766958477,
        3.00074685381695,
        2.97854835660629,
        2.95653820077958
    ],
    "elist": [
        -12.3404619206613,
        -12.9373985861742,
        -13.4769391945214,
        -13.9529199243237,
        -14.3628187136371,
        -14.6992156253618,
        -14.9563416433514,
        -15.136354592221,
        -15.2523991237202,
        -15.31704990967,
        -15.3353953955234,
        -15.3108046106919,
        -15.2464417607413,
        -15.145310777441,
        -15.010277394167,
        -14.844087680446,
        -14.6493834139975,
        -14.4287143820167,
        -14.1845474036755,
        -13.9192715425989,
        -13.6351986294266
    ]
}